Consulta,Clics,Impresiones,Posición
jubilarse a los 55 con 30 años cotizados,8,167,3.71
tengo 52 años y no tengo 15 años cotizados,4,192,5.45
me puedo jubilar con 65 años y 35 años cotizados,3,195,0
tabla de penalización por jubilación anticipada 2026,2,263,10.46
se puede cobrar el paro 2 años antes de jubilarse,2,85,8.46
simulador jubilación anticipada,2,22,35.64
jubilarse con 40 años cotizados,2,12,6.92
pension maxima 2026,1,142,11.99
tabla nuevos coeficientes reductores jubilación,1,39,8.72
me puedo jubilar con 60 años y 25 cotizados,1,32,6.0
pensión mínima contributiva 15 años cotizados,1,25,9.96
tujubilación,1,22,9.36
tabla penalizacion jubilacion anticipada involuntaria,1,16,17.31
tabla de penalización por jubilación anticipada 2026 involuntaria,1,14,16.93
tabla penalizacion jubilacion anticipada 2026,1,13,9.69
tabla de penalización por jubilación anticipada 2026 seguridad social,1,11,9.27
jubilarse a los 55,1,6,5.67
tengo 60 años y 25 años cotizados me puedo jubilar,1,5,0
tablas coeficientes reductores jubilación anticipada involuntaria,1,5,0
jubilarse a los 55 años,1,4,7.25
simulador de jubilacion anticipada voluntaria,1,3,36.67
2027.0,1,2,4.0
jubilarse con 30 años cotizados,1,2,0
y si me jubilo a los 64 años,1,1,7.0
funcionarios jubilación parcial,1,1,13.0
nueva ley de jubilación anticipada 2026,1,1,23.0
cobrar más jubilación activa,0,70,58.94
como se calcula la pension de jubilacion,0,55,80.2
tabla jubilación anticipada involuntaria,0,49,11.49
jubilación anticipada,0,45,31.49
trucos para rescatar un plan de pensiones,0,41,0
jubilacion forzosa por desempleo,0,41,33.83
tabla de jubilación por años cotizados,0,39,30.18
me jubilo  ¿cómo cubrirme bien en previsión?,0,38,36.95
cuanto desgrava un plan de pensiones,0,35,23.77
pensión máxima jubilación españa 2026 cuantía máxima mensual 2026,0,34,9.32
jubilacion anticipada,0,34,40.74
tabla de jubilación anticipada por discapacidad,0,32,10.97
desgravacion plan pensiones,0,32,52.62
calculo jubilacion anticipada,0,30,63.1
con 65 años y 35 años cotizados me puedo jubilar,0,29,0
tablas de prejubilaciones,0,29,11.69
limite pension maxima 2026,0,27,10.63
cuota convenio especial seguridad social 2026,0,26,9.69
paga maxima jubilacion 2026,0,26,10.65
jubilación anticipada voluntaria,0,24,60.46
base maxima jubilacion 2026,0,23,9.26
tabla de penalización por jubilación anticipada,0,22,25.73
con 35 años cotizados me puedo jubilar,0,20,0
tabla coeficientes reductores jubilación anticipada involuntaria,0,20,0
calculo pension jubilacion anticipada,0,20,68.1
tabla de jubilación según años cotizados,0,18,27.94
pensión maxima jubilación 2026,0,17,15.18
calcular jubilación anticipada,0,17,60.24
calcular jubilacion anticipada,0,17,60.53
qué es mejor jubilarse o incapacidad permanente total,0,16,10.19
con 35 años cotizados y 65 años me puedo jubilar,0,15,0
tope maximo jubilacion 2026,0,15,0
tabla penalizaciones jubilacion anticipada,0,15,10.67
trucos para rescatar plan de pensiones,0,15,0
jubilacion anticipada voluntaria,0,15,62.87
si,0,14,4.14
maximo pension jubilacion 2026,0,14,9.79
pensión máxima españa 2026 cuantía máxima mensual 2026,0,14,0
jubilación anticipada funcionarios,0,14,23.86
plan jubilacion autonomos,0,14,34.0
maximo aportacion plan de pensiones 2026,0,13,10.38
los planes de pensiones desgravan,0,13,21.69
me puedo jubilar a los 63 años,0,12,0
seguridad social jubilacion anticipada,0,12,0
plan jubilación,0,12,38.58
que es la jubilacion anticipada,0,12,44.5
deduccion plan de pensiones,0,12,48.33
pension jubilacion maxima 2026,0,11,9.45
tabla penalizaciones jubilacion anticipada 2026,0,11,9.55
tope jubilacion 2026,0,11,9.73
jubilacion alos 63 años,0,11,21.91
jubilacion voluntaria,0,11,49.09
pension minima contributiva 15 años cotizados,0,11,49.64
jubilacion voluntaria anticipada,0,11,54.73
aportacion maxima plan de pensiones,0,11,77.09
convenio especial seguridad social,0,10,0
coeficientes reductores jubilación anticipada involuntaria 2026 tabla,0,10,0
pensión máxima españa 2026 cuantía mensual máxima seguridad social,0,10,0
pensión máxima españa 2026 cuantía máxima jubilación 2026,0,10,0
tope maximo pension jubilacion 2026,0,10,0
pension contributiva y no contributiva,0,10,0
jubilacion anticipada forzosa,0,10,35.8
simulador jubilación anticipada a los 61 años,0,10,39.9
asjubi40,0,9,2.33
pensión máxima jubilación españa 2026 cuantía mensual 2026,0,9,9.22
limite maximo pensiones 2026,0,9,11.78
pension maxima jubilacion 2026,0,9,15.78
jubilación conductores profesionales,0,9,16.56
jubilacion anticipada funcionarios,0,9,24.89
jubilacion anticipada forzosa seguridad social,0,9,29.89
jubilacion anticipada involuntaria,0,9,36.0
edad de jubilacion anticipada,0,9,39.0
rescate anticipado plan de pensiones,0,9,40.33
jubilacion anticipada loe,0,9,42.44
base reguladora jubilacion,0,9,48.11
jubilación anticipada transportistas autónomos,0,8,4.25
jubilarse a los 60 con 40 años cotizados,0,8,6.75
tengo 65 años y 35 años cotizados me puedo jubilar,0,8,8.62
pensión maxima neta jubilación 2026,0,8,11.88
coeficientes reductores jubilación anticipada involuntaria,0,8,12.38
revalorización pensiones 2026,0,8,0
jubilacion forzosa a los 61 años seguridad social,0,8,32.0
desgravar plan de pensiones,0,8,37.75
tabla jubilación anticipada autónomos,0,8,54.5
calculo de la jubilacion anticipada,0,8,79.5
jubilación,0,7,4.57
tengo 52 años y 30 años cotizados,0,7,6.14
pensión máxima jubilación españa 2026 cuantía mensual máxima 2026,0,7,9.0
tabla de penalizacion jubilacion anticipada 2026,0,7,9.0
pensión máxima jubilación españa 2026 cuantía mensual 14 pagas,0,7,9.14
profesiones de riesgo en españa,0,7,15.29
penalizacion por jubilacion anticipada,0,7,20.71
plan de pensiones desgrava,0,7,27.43
jubilación anticipada 40 años cotizados,0,7,40.57
simulador ahorro fiscal plan de pensiones,0,7,40.86
simulador de jubilación anticipada,0,7,41.29
qué significa complemento reducción brecha de género,0,7,45.57
calcular jubilación anticipada elda,0,7,46.0
tabla de penalización por jubilación anticipada 2025,0,7,55.57
¿cuándo se cobra el complemento por brecha de género?,0,7,62.14
diferencia entre jubilacion anticipada y prejubilacion,0,7,70.57
anticipada,0,7,86.86
pensión máxima 2026,0,6,0
convenio especial seguridad social jubilación anticipada,0,6,9.17
pensión máxima jubilación españa 2026 cuantía máxima mensual,0,6,9.33
pensión máxima jubilación españa 2026 cuantía mensual máxima,0,6,9.33
cual es la pension maxima en 2026,0,6,10.33
tabla penalización jubilación anticipada involuntaria,0,6,0
se puede jubilar con 65 años y 35 años cotizados,0,6,11.83
tabla de penalizaciones por jubilación anticipada,0,6,12.67
profesiones de riesgo,0,6,17.17
jubilacion anticipada por desempleo,0,6,20.17
tabla de coeficientes reductores jubilacion anticipada,0,6,22.67
compensa jubilarse a los 63 años,0,6,25.0
tablas jubilación anticipada 2022,0,6,25.0
cual es la base reguladora de una pension,0,6,30.0
que es la base reguladora de una pension,0,6,31.0
plan de pensiones deduccion fiscal,0,6,33.83
jubilacion involuntaria,0,6,35.33
calculadora jubilacion anticipada voluntaria,0,6,42.0
simulador de jubilacion anticipada,0,6,42.0
simulación jubilación anticipada,0,6,44.5
jubilación anticipada involuntaria,0,6,47.83
jubilacion anticipada simulador,0,6,49.83
tabla jubilacion anticipada,0,6,52.33
jubilacion base reguladora,0,6,52.5
desgravan los planes de pensiones,0,6,53.17
limite deduccion plan de pensiones,0,6,55.83
cálculo jubilación anticipada voluntaria,0,6,59.0
desgravacion plan de pensiones,0,6,61.0
calcular pension de jubilacion anticipada,0,6,65.67
formula calculo pension jubilacion,0,6,89.17
tabla prejubilaciones,0,5,8.0
artículo 210 lgss porcentaje base reguladora 0 21 0 19 2026,0,5,0
tabla prejubilaciones 2026,0,5,0
tablas de penalizaciones por jubilación anticipada,0,5,0
tabla porcentajes jubilacion anticipada,0,5,0
pensión máxima jubilación españa 2026 cuantía máxima,0,5,10.0
pensión máxima jubilación españa 2026 cuantía máxima mensual 14 pagas,0,5,0
seguridad social pensión máxima 2026 3359 60,0,5,0
tablas de penalización por jubilación anticipada 2026,0,5,0
cual es la pensión máxima de jubilación en 2026,0,5,0
cuantia maxima pension jubilacion 2026,0,5,0
maxima aportacion plan de pensiones 2026,0,5,0
tabla penalización jubilación anticipada voluntaria,0,5,0
pension maxima ss 2026,0,5,12.0
el paro cotiza para la jubilación,0,5,0
jubilacion anticipada funcionarios administracion,0,5,0
pensiones contributivas y no contributivas diferencias,0,5,26.0
coeficientes reductores jubilación anticipada involuntaria 2026,0,5,0
tabla de jubilacion por años cotizados,0,5,0
pension anticipada,0,5,33.6
jubilacion anticipada voluntaria en 2022,0,5,37.0
ley jubilacion anticipada,0,5,39.0
pension jubilacion anticipada,0,5,40.6
ahorro fiscal plan de pensiones,0,5,43.6
simulacion jubilacion anticipada,0,5,46.2
calculo de jubilacion anticipada,0,5,60.2
maxima desgravacion plan de pensiones,0,5,61.8
complemento brecha de genero,0,5,65.2
aportaciones planes de pensiones,0,5,74.4
complemento brecha de género carácter retroactivo requisitos,0,5,77.8
40 años cotizados y 63 años de edad,0,4,1.25
jubilacion anticipada con 40 años de cotizacion,0,4,2.25
instituto mexicano del seguro social,0,4,3.0
coste convenio especial seguridad social 2026,0,4,6.25
te puedes jubilar con 65 años y 35 años cotizados,0,4,8.25
cual es la pensión maxima en 2026,0,4,0
pension contributiva vs no contributiva,0,4,0
jubilarse con 40 años cotizados sin penalización últimas noticias 2026,0,4,8.75
tabla de penalización por jubilación anticipada involuntaria 2026,0,4,8.75
última hora coeficiente reductores para conductores profesionales,0,4,9.0
me puedo jubilar a los 65 años con 35 años cotizados,0,4,9.25
jubilarte con 40 años cotizados,0,4,0
importe pension maxima 2026,0,4,9.75
jubilación con 65 años y 35 años cotizados,0,4,9.75
pensió màxima jubilació 2026,0,4,10.0
tabla recortes jubilacion anticipada,0,4,10.0
pensión máxima jubilación españa 2026 cuantía máxima 2026,0,4,10.25
tabla coeficientes reductores jubilación anticipada 2026,0,4,10.25
cuantia pension maxima 2026,0,4,0
pension maxima liquida 2026,0,4,10.75
jubilación anticipada transporte mercancías,0,4,11.0
pensión mínima con 15 años cotizados,0,4,11.0
pension maxima de jubilacion 2026,0,4,0
cual es la pensión máxima en 2026,0,4,12.75
jubilación anticipada camioneros,0,4,0
tabla de penalización por jubilación anticipada 2024,0,4,14.75
bono cotizaciones,0,4,15.0
como afecta el paro a la jubilacion,0,4,0
tabla jubilación anticipada involuntaria 2026,0,4,17.0
jubilacion a los 65 años,0,4,20.0
jubilación conductor profesional,0,4,20.0
tabla jubilación anticipada voluntaria 2026,0,4,20.75
deduccion plan pensiones,0,4,25.0
desgravacion aportacion plan de pensiones,0,4,26.25
simulador jubilacion anticipada involuntaria,0,4,29.0
coeficientes reductores jubilacion anticipada,0,4,29.75
porcentaje desgravacion plan de pensiones,0,4,34.0
pension de jubilacion anticipada,0,4,34.5
edad jubilación anticipada,0,4,35.5
jubilacion forzosa a los 61 años 2015,0,4,38.25
jubilaciones anticipadas,0,4,41.25
calcular jubilación anticipada voluntaria,0,4,42.25
simular jubilacion anticipada,0,4,42.75
prejubilaciones anticipadas,0,4,45.5
cómo evitar lagunas en un contrato,0,4,49.0
cómo saber si cobro el complemento de brecha de género,0,4,50.25
simulador jubilacion anticipada voluntaria,0,4,51.75
involuntaria,0,4,52.0
aportación máxima plan de pensiones,0,4,55.0
ley de jubilacion anticipada,0,4,57.0
qué es el complemento de brecha de género,0,4,62.25
limite plan de pensiones 2018,0,4,64.75
incapacidad permanente,0,3,2.33
pensiones,0,3,2.33
pensión,0,3,3.0
tengo 55 años y 30 años cotizados me puedo jubilar,0,3,4.0
tengo 58 años y 30 años cotizados me puedo jubilar,0,3,5.0
jubilacion anticipada transportistas,0,3,5.33
jubilacion anticipada con mas de 40 años cotizados sin penalización,0,3,5.67
jubilacion anticipada discapacidad,0,3,7.67
jubilacion sin penalizacion con 40 años cotizados,0,3,7.67
si tengo 35 años cotizados y 65 años me puedo jubilar,0,3,7.67
tabla jubilación anticipada involuntaria 2027,0,3,7.67
jubilarse a los 65 con 35 años cotizados,0,3,8.0
pension maxima anual 2026,0,3,8.0
maxima pension jubilacion 2026,0,3,8.67
pensión máxima jubilación españa 2026 importe mensual,0,3,8.67
pensión máxima jubilación españa 2026 cuantía mensual,0,3,9.0
jubilación transportistas profesionales,0,3,9.33
pensión máxima españa 2026 cuantía mensual máxima seguridad social 2026,0,3,9.33
tope jubilación 2026,0,3,9.67
30 años cotizados para jubilarse,0,3,10.0
coeficientes reductores jubilación anticipada voluntaria 2026,0,3,10.0
puedo jubilarme a los 55 años,0,3,10.0
tabla de coeficientes reductores jubilación anticipada,0,3,10.33
tabla reductora jubilacion anticipada involuntaria,0,3,10.33
tablas penalizacion jubilacion anticipada involuntaria,0,3,10.33
cuanto desgrava el plan de pensiones,0,3,10.67
edad jubilación mineros españa,0,3,10.67
seguridad social cuantía máxima pensión 2026,0,3,10.67
coeficientes reductores jubilación anticipada voluntaria,0,3,11.0
edad jubilacion profesion de riesgo,0,3,11.0
tabla coeficientes reductores jubilación anticipada voluntaria,0,3,11.0
tablas de penalización por jubilación anticipada involuntaria,0,3,11.0
tablas reductoras jubilacion anticipada involuntaria,0,3,11.0
jubilación anticipada transportistas,0,3,11.33
pensión máxima en 2026,0,3,11.33
me puedo jubilar con 60 años,0,3,11.67
jubilacion conductores profesionales,0,3,12.67
jubilación anticipada con incapacidad permanente total,0,3,13.0
tabla descuento jubilacion anticipada,0,3,13.0
jubilacion 35 años cotizados,0,3,13.33
tabla jubilación anticipada,0,3,13.67
tengo 65 años y 32 años cotizados me puedo jubilar,0,3,13.67
pensión máxima seguridad social 2026,0,3,14.67
me pueden obligar a jubilarme si estoy en el paro,0,3,15.0
pension maxima en españa 2026,0,3,15.33
jubilacion maxima 2026,0,3,15.67
incremento pensiones 2026,0,3,16.67
jubilacion con 35 años cotizados,0,3,18.0
tabla deducciones jubilacion anticipada,0,3,20.67
jubilacion a los 61 años cobrando subsidio,0,3,21.67
jubilarse a los 63,0,3,24.67
tablas jubilacion anticipada voluntaria,0,3,25.0
jubilación a los 63,0,3,25.33
tabla de coeficientes reductores,0,3,25.67
tabla de reduccion jubilacion anticipada,0,3,27.0
desgrava un plan de pensiones,0,3,27.67
tabla reduccion jubilacion anticipada involuntaria,0,3,27.67
jubilacion anticipada funcionarios administracion local,0,3,28.67
tabla años cotizados jubilacion,0,3,29.33
coeficientes reductores jubilacion,0,3,29.67
seguridad social jubilación anticipada,0,3,31.0
años cotizados jubilacion anticipada,0,3,34.0
descuentos por jubilacion anticipada,0,3,34.67
pensiones anticipadas,0,3,34.67
la jubilación anticipada,0,3,36.0
tablas de penalización por jubilación anticipada,0,3,36.67
jubilación anticipada forzosa,0,3,38.0
ahorro fiscal plan pensiones,0,3,38.67
complemento para la reducción de la brecha de género,0,3,41.33
plan pensiones desgravacion,0,3,42.0
calculo jubilacion anticipada voluntaria,0,3,43.67
jubilación involuntaria anticipada,0,3,44.33
tablas jubilacion anticipada voluntaria 2026,0,3,44.33
simulacion de jubilacion anticipada,0,3,45.0
simulador jubilacion anticipada,0,3,46.33
retiro anticipado,0,3,46.67
plan de prevision,0,3,49.33
calcular mi jubilación anticipada,0,3,53.33
jubilacion forzosa,0,3,53.67
pensión mínima autónomos 2026,0,3,60.67
requisitos jubilacion anticipada voluntaria,0,3,68.67
aportacion plan de pensiones,0,3,72.0
limite aportacion plan de pensiones,0,3,72.33
cuanto aportar al plan de pensiones,0,3,74.0
tabla de reduccion por jubilacion anticipada,0,3,74.33
complemento brecha de género carácter retroactivo 2016,0,3,79.33
calculadora pension jubilacion anticipada,0,3,79.67
como calcular pension jubilacion anticipada,0,3,83.67
pension maxima seguridad social 2025,0,2,1.0
40.0,0,2,2.0
cuál es la pensión máxima de un autónomo,0,2,2.0
irpf 2026,0,2,2.0
incapacidad permanente total a partir de 60 años 2026,0,2,0
sí,0,2,0
cálculo convenio especial seguridad social mayores 55 años,0,2,3.0
jubilarse a los 55 con 30 años cotizados en españa,0,2,0
jubilación con 40 años cotizados,0,2,0
1500.0,0,2,0
jubilacion transportistas,0,2,0
jubilación anticipada conductores,0,2,0
jubilación parcial funcionarios,0,2,0
pension maxima mensual 2026,0,2,0
1400.0,0,2,6.0
asalariado,0,2,6.0
tabla coeficientes reductores jubilación anticipada 2026 seguridad social,0,2,6.0
jubilacion con 65 años y 35 cotizados,0,2,0
me puedo jubilar con 35 años cotizados,0,2,0
penalización por jubilación anticipada voluntaria,0,2,0
puedo jubilarme con 30 años cotizados,0,2,0
tabla penalizaciones jubilación anticipada,0,2,0
pension maxima,0,2,7.0
con 65 años y 36 años cotizados me puedo jubilar,0,2,0
pension máxima de jubilación 2026,0,2,0
salario maximo jubilacion 2026,0,2,8.0
seguridad social pensión máxima 2026 oficial,0,2,8.0
tabla de prejubilaciones,0,2,8.0
importe pension maxima jubilacion 2026,0,2,9.0
pension máxima 2026,0,2,9.0
pensión máxima jubilación españa 2026 importe mensual 14 pagas,0,2,9.0
si tengo 65 años y 40 años cotizados me puedo jubilar,0,2,9.0
tabla de coeficientes reductores jubilación anticipada involuntaria,0,2,9.0
jubilacion anticipada conductores profesionales,0,2,0
jubilación transportistas autónomos,0,2,0
limite aportaciones plan de pensiones 2026,0,2,0
pensión mínima con 15 años cotizados en españa,0,2,0
tabla reduccion jubilacion anticipada voluntaria,0,2,0
coeficientes reductores jubilación anticipada voluntaria 2026 tabla,0,2,10.0
cuantia pension maxima jubilacion 2026,0,2,10.0
pension de jubilacion maxima 2026,0,2,10.0
pension minima en españa con 15 años cotizados,0,2,10.0
pensión máxima españa 2026 cuantía máxima jubilación,0,2,10.0
pensión máxima jubilación españa 2026 cuantía,0,2,10.0
contributiva 2026,0,2,10.0
si tienes 40 años cotizados a qué edad te puedes jubilar,0,2,10.0
tope pension maxima 2026,0,2,10.0
aportación máxima plan de pensiones 2026,0,2,0
calcular coeficiente reductor,0,2,0
cuantia de la pension maxima 2026,0,2,0
pension maxima en 2026,0,2,0
pensión máxima jubilación 2026 españa cuantía mensual 14 pagas,0,2,0
tablas de reduccion por jubilacion anticipada involuntaria,0,2,0
a que edad se jubila un minero,0,2,11.0
con 35 años cotizados a que edad me puedo jubilar,0,2,11.0
jubilacion estando en paro,0,2,11.0
pension maxima de jubilacion en españa 2026,0,2,11.0
pensión mínima jubilación españa 2026 cuantías,0,2,11.0
prejubilarse a los 55,0,2,11.0
si tienes 35 años cotizados te puedes jubilar,0,2,11.0
tabla coeficiente reductores jubilación anticipada,0,2,11.0
tabla coeficientes reductores jubilación anticipada involuntaria 2026,0,2,11.0
tope maximo de jubilacion 2026,0,2,11.0
con 40 años cotizados me puedo jubilar,0,2,0
jubilación anticipada involuntaria a los 63 años coeficientes reductores,0,2,0
jubilación maxima neta 2026,0,2,0
requisitos jubilación anticipada conductores profesionales,0,2,0
40 años cotizados me puedo jubilar,0,2,12.0
jubilación conductores profesionales 2026,0,2,12.0
maxima pension 2026,0,2,12.0
maximo plan de pensiones 2026,0,2,12.0
puedo jubilarme con 35 años cotizados,0,2,12.0
tabla de jubilación anticipada,0,2,12.0
jubilación anticipada por desempleo,0,2,0
tablas prejubilacion,0,2,0
jubilación anticipada conductores profesionales,0,2,13.0
bono por años cotizados,0,2,0
pension maxima 2026 jubilacion,0,2,0
me puedo jubilar con 55 años y 33 cotizados,0,2,14.0
borrador jubilación anticipada conductores profesionales,0,2,0
tablas reduccion jubilacion anticipada,0,2,0
coeficiente reductor jubilación anticipada involuntaria,0,2,0
limite aportacion plan de pensiones 2026,0,2,0
jubilacion 65 años,0,2,16.0
maximo aportacion 3a 2026,0,2,16.0
me puedo jubilar con 65 años,0,2,16.0
tablas descuentos jubilacion anticipada,0,2,16.0
cuanto suben las pensiones en 2026,0,2,17.0
cuanto subirán las pensiones en 2026,0,2,17.0
jubilacion anticipada involuntaria tablas,0,2,17.0
pensión jubilación máxima 2026,0,2,17.0
cotiza el paro para la jubilacion,0,2,18.0
tabla coeficientes reductores jubilación anticipada,0,2,18.0
jubilación a los 65,0,2,0
tabla de jubilación,0,2,19.0
jubilacion a los 63 años,0,2,20.0
reducción jubilación anticipada,0,2,0
tengo 65 años y 20 años cotizados tengo derecho a pensión,0,2,0
tabla reducción jubilación anticipada,0,2,21.0
base reguladora jubilación 2026,0,2,22.0
jubilacion anticipada a los 63 años coeficientes reductores,0,2,22.0
jubilaciones anticipadas funcionarios,0,2,22.0
tengo 65 años y 30 cotizados me puedo jubilar,0,2,22.0
coeficiente reductor jubilacion anticipada,0,2,0
jubilacion a los 63,0,2,0
penalizacion jubilacion anticipada voluntaria,0,2,0
tabla de descuento por jubilación anticipada,0,2,0
tabulador para jubilacion,0,2,24.0
pensión máxima jubilación españa 2026,0,2,0
nueva jubilación anticipada,0,2,25.0
jubilacion con 63 años,0,2,26.0
jubilarse a los 63 años,0,2,26.0
pensiones de jubilación 2026,0,2,26.0
tengo 64 años y 30 años cotizados me puedo jubilar,0,2,26.0
contingencias rescate plan de pensiones,0,2,0
tabla de descuentos por jubilación anticipada,0,2,0
coeficientes reductores conductores,0,2,28.0
seguridad social jubilaciones anticipadas,0,2,0
tabla jubilacion anticipada involuntaria,0,2,0
coeficientes reductores jubilación anticipada,0,2,29.0
revalorización de las pensiones,0,2,0
tabla de porcentajes de jubilacion,0,2,0
40 años cotizados,0,2,30.0
jubilacion parcial,0,2,30.0
pensión mínima en españa 2026,0,2,30.0
tabla jubilación anticipada autónomos 2025,0,2,0
jubilacion anticipada forzosa por despido,0,2,31.0
tabla jubilacion anticipada voluntaria,0,2,31.0
jubilacion anticipada forzosa 61 años,0,2,0
jubilación 40 años cotizados sin penalización,0,2,0
pensiones autonomos,0,2,0
calcular pension jubilacion anticipada,0,2,32.0
jubilacion forzosa a los 61 años,0,2,32.5
edad de jubilacion conductores profesionales,0,2,33.0
cuanto es el complemento por brecha de genero,0,2,34.0
jubilación anticipada forzosa requisitos,0,2,34.0
pensiones jubilacion anticipada,0,2,35.0
tablas de reducción por jubilación anticipada,0,2,36.0
cuanto deduce un plan de pensiones,0,2,36.5
planes de pensiones desgravacion,0,2,36.5
jubilacion anticipada por despido,0,2,37.0
pensión mínima contributiva 15 años cotizados 2025,0,2,37.0
qué quiere decir pensión contributiva,0,2,37.5
aportación máxima plan de pensiones 2021,0,2,38.0
desgravar plan pensiones,0,2,38.0
jubilacion anticipada por despido objetivo,0,2,38.0
liquidez planes de pensiones,0,2,38.5
calculadora desgravar plan de pensiones,0,2,41.0
solicitud jubilacion anticipada,0,2,41.0
cálculo días a trabajar en jubilación parcial,0,2,41.5
anticipar jubilacion,0,2,42.5
calculadora desgravación plan de pensiones,0,2,42.5
información sobre jubilación anticipada,0,2,42.5
jubilación anticipada discapacidad,0,2,44.5
desgravacion fiscal planes de pensiones,0,2,45.0
jubilación anticipada penalización 2026,0,2,46.0
jornada parcial jubilacion,0,2,50.0
cuanto es la deduccion de seguridad social 2026,0,2,50.5
calcular desgravacion plan de pensiones,0,2,52.0
jubilaciones anticipadas 2009,0,2,52.5
tiempo parcial jubilacion,0,2,53.5
jubilación anticipada simulador,0,2,54.5
calcular prejubilacion,0,2,55.0
desgravacion planes de pensiones,0,2,57.0
calculadora jubilacion anticipada,0,2,57.5
tabla de jubilación anticipada 2026,0,2,59.5
coeficientes reductores jubilacion anticipada 2026,0,2,64.5
jubilacion anticipada sin coeficiente reductor,0,2,65.5
lagunas de cotización mujeres,0,2,69.5
aportacion máxima a plan de pensiones,0,2,70.5
jubilación forzosa,0,2,72.0
aportaciones al plan de pensiones,0,2,73.0
calculadora ahorro fiscal plan pensiones,0,2,75.0
cómo se calcula la pensión de jubilación,0,2,75.5
jubilación anticipada voluntaria 2022,0,2,82.0
jubilación anticipada 2026,0,2,83.5
deducción plan de pensiones,0,2,91.0
cálculo de los costes de la prejubilación,0,2,95.5
20 meses,0,1,1.0
28 años cotizados,0,1,1.0
2800.0,0,1,1.0
46355.0,0,1,1.0
63 años y 40 años cotizados,0,1,1.0
900.0,0,1,1.0
cuenta ajena,0,1,1.0
da,0,1,1.0
desde cuándo existe,0,1,1.0
despues,0,1,1.0
e em espanha,0,1,1.0
e gresit,0,1,1.0
inversiones para la jubilación,0,1,1.0
irpf pension maxima,0,1,1.0
jubilación a los 61,0,1,1.0
la segunda,0,1,1.0
me puedo jubilar estando en el paro,0,1,1.0
si me despiden a los 64 años puedo cobrar el paro,0,1,1.0
soy ayudante de cocina,0,1,1.0
tengo 35 años cotizados me puedo jubilar,0,1,1.0
tengo 58 años,0,1,1.0
trabajo a tiempo parcial,0,1,1.0
1250 semanas cuantos años son,0,1,2.0
56.0,0,1,2.0
a qué edad me puedo pensionar en el imss,0,1,2.0
años para jubilarse,0,1,2.0
años trabajados para jubilacion,0,1,2.0
convenio con la seguridad social,0,1,2.0
convenio especial seguridad social cuanto se paga,0,1,2.0
cual es la pensión máxima?,0,1,2.0
cuantas semanas cotizadas necesito para pensionarme en el imss,0,1,2.0
cuantos años para jubilarse,0,1,2.0
cuota modalidad 40 2026,0,1,2.0
cuál es la edad de jubilación en españa,0,1,2.0
cuál es la pensión máxima de la seguridad social,0,1,2.0
cuál es la pensión máxima en españa en 2026,0,1,2.0
cuáles son las pensiones no contributivas,0,1,2.0
cuánto es la pensión máxima que se puede cobrar,0,1,2.0
decimo transitorio,0,1,2.0
doce pagas,0,1,2.0
edad jubilación españa mujeres,0,1,2.0
el 18%,0,1,2.0
hemologa,0,1,2.0
incapacidad permanente total a partir de 60 años,0,1,2.0
incapacidad temporal o permanente,0,1,2.0
jubilacion con contrato de relevo 2026,0,1,2.0
jubilacion por invalidez,0,1,2.0
jubilarse a los 56 años,0,1,2.0
las incapacidades afectan las semanas cotizadas,0,1,2.0
lesiones permanentes no invalidantes,0,1,2.0
lorca fotos,0,1,2.0
maximo que se puede cobrar de jubilacion,0,1,2.0
máxima jubilación,0,1,2.0
ninguno,0,1,2.0
pedir cita seguridad social,0,1,2.0
pension maxima autonomos,0,1,2.0
pensión no contributiva mínima,0,1,2.0
que significa cesantia en edad avanzada,0,1,2.0
qué es la cuota social cesantía y vejez en el afore,0,1,2.0
recebo 2500,0,1,2.0
si me toca la lotería me quitan la pensión no contributiva,0,1,2.0
si por favor,0,1,2.0
simulador de jubilación anticipada de la seguridad social,0,1,2.0
simulador de prejubilacion,0,1,2.0
tabla de jubilación autónomos,0,1,2.0
tabla de penalización de jubilación anticipada,0,1,2.0
temas oposiciones policia nacional,0,1,2.0
tengo 60 años,0,1,2.0
trabajo compatible con incapacidad permanente total,0,1,2.0
13 años,0,1,3.0
15 años,0,1,3.0
375 euros,0,1,3.0
44 años,0,1,3.0
asjubi40 que es,0,1,3.0
cervicobraquialgia es peligroso,0,1,3.0
cita previa seguridad social guadalajara,0,1,3.0
como esta la hucha de las pensiones,0,1,3.0
con 63 años,0,1,3.0
contrato de relevo 2026,0,1,3.0
convenio especial seguridad social mayores 55 años,0,1,3.0
convenio seguridad social jubilacion,0,1,3.0
cotizacion para jubilacion,0,1,3.0
cuando es mejor jubilarse anticipadamente,0,1,3.0
cuando interesa un convenio especial con la seguridad social,0,1,3.0
cuando me puedo jubilar,0,1,3.0
cuanto pagas,0,1,3.0
cuantos años hay que cotizar para jubilarse,0,1,3.0
cuánto cuesta?,0,1,3.0
incapacidad absoluta,0,1,3.0
incapacidad permanente total a partir de 60 años en 2026,0,1,3.0
incapacidad permanente total cualificada,0,1,3.0
incapacidad temporal,0,1,3.0
invalidez total,0,1,3.0
jubilacion anticipada administracion publica,0,1,3.0
jubilacion maxima julio 2026,0,1,3.0
jubilación anticipada penalización,0,1,3.0
jubilarse con 40 años cotizados sin penalización,0,1,3.0
llevo 20 años cotizados,0,1,3.0
malasia,0,1,3.0
no cobro paro,0,1,3.0
pension minima con 30 años cotizados,0,1,3.0
pension por incapacidad permanente,0,1,3.0
pensión máxima en francia 2026,0,1,3.0
porcentaje de jubilación con 30 años cotizados,0,1,3.0
prestación no contributiva,0,1,3.0
que cobra un autonomo de jubilacion,0,1,3.0
que pasa a los 545 dias de baja,0,1,3.0
qué es una incapacidad permanente,0,1,3.0
qué sucede si llego a la jubilación cobrando la pensión de incapacidad total,0,1,3.0
requisitos generales,0,1,3.0
requisitos incapacidad permanente total,0,1,3.0
requisitos subsidio mayores 52 años,0,1,3.0
régimen especial de la seguridad social,0,1,3.0
seguro invalidez afp,0,1,3.0
semanas cotizadas,0,1,3.0
simulador jubilacion,0,1,3.0
tabla de indemnización por accidente de trabajo,0,1,3.0
tengo 30 años,0,1,3.0
unos 2000 euros,0,1,3.0
عدد الايام,0,1,3.0
10 años,0,1,4.0
1993.0,0,1,4.0
21 meses,0,1,4.0
con 30 años,0,1,4.0
edad de jubilación,0,1,4.0
jubilación funcionarios,0,1,4.0
seguridad social,0,1,4.0
tengo 42 años,0,1,4.0
y si me jubilo a los 65,0,1,4.0
¿cuál es la cuantía de la pensión máxima de jubilación en 2026 bruta y neta?,0,1,4.0
2000.0,0,1,5.0
8000 euros,0,1,5.0
a los 65,0,1,5.0
artículo 210 lgss porcentaje base reguladora 2026 36 años 6 meses,0,1,5.0
asjuvi40,0,1,5.0
importe estimado,0,1,5.0
jubilación máxima,0,1,5.0
años cotizados,0,1,5.0
malaltia comuna,0,1,5.0
noviembre,0,1,5.0
que excepciones existen,0,1,5.0
tabla penalizacion jubilacion anticipada,0,1,5.0
y cuánto me costaria,0,1,5.0
42.0,0,1,6.0
coeficientes reductores jubilación conductores profesionales,0,1,6.0
curso de pensiones imss,0,1,6.0
cuál es el máximo,0,1,6.0
jubilacion anticipada conductores de autobus,0,1,6.0
policía,0,1,6.0
seguridad social cuantía máxima pensiones 2026,0,1,6.0
tabla descuentos jubilacion anticipada,0,1,6.0
tengo 51,0,1,6.0
un 33%,0,1,6.0
y la máxima,0,1,6.0
2 años,0,1,7.0
bono años cotizados reforma pensiones,0,1,7.0
coeficientes reductores jubilación anticipada españa 2026,0,1,7.0
jubilacion anticipada conductores,0,1,7.0
maxima jubilacion 2026,0,1,7.0
maximo jubilacion 2026,0,1,7.0
real decreto 632/2026,0,1,7.0
tabla de jubilación por años cotizados 2026,0,1,7.0
tabla de penalizaciones por jubilación anticipada involuntaria,0,1,7.0
1000.0,0,1,8.0
coeficientes reductores camioneros,0,1,8.0
coeficientes reductores transporte,0,1,8.0
cuando me puedo jubilar con 65 años,0,1,8.0
cuanto seria la cuota mensual,0,1,8.0
dar în spania,0,1,8.0
diferencia entre pension contributiva y no contributiva,0,1,8.0
jubilación anticipada a los 63 años en 2026,0,1,8.0
jubilación camioneros,0,1,8.0
lagunas de cotización ejemplos,0,1,8.0
social,0,1,8.0
puedo jubilarme con 60 años,0,1,8.0
tabla,0,1,8.0
tablas coeficientes reductores jubilación anticipada,0,1,8.0
a qué edad se jubila un minero,0,1,9.0
boe pensión máxima 2026 cuantía mensual 14 pagas,0,1,9.0
jubilacion anticipada transportistas profesionales,0,1,9.0
jubilación anticipada 2026: requisitos,0,1,9.0
jubilación anticipada 63 años españa,0,1,9.0
pension maxima jubilacion españa 2026,0,1,9.0
pensión máxima españa 2026 cuantía mensual máxima,0,1,9.0
pensión máxima jubilación españa 2026 cuantía mensual anual,0,1,9.0
pensión máxima jubilación 2026 neta,0,1,9.0
pero aproximadamente,0,1,9.0
profesión de riesgo jubilación,0,1,9.0
seguridad social pensión máxima 2026 3359 60 14 pagas,0,1,9.0
seguridad social pensión máxima 2026 mensual oficial,0,1,9.0
tabla de jubilaciones anticipadas,0,1,9.0
tabla reducciones jubilacion anticipada,0,1,9.0
tablas de jubilacion anticipada voluntaria,0,1,9.0
tablas jubilacion anticipada involuntaria 2026,0,1,9.0
tengo 65 años y 37 años cotizados me puedo jubilar,0,1,9.0
tres,0,1,9.0
tujubilacion,0,1,9.0
3000.0,0,1,10.0
35 años cotizados,0,1,10.0
a que edad me puedo jubilar con 35 años cotizados,0,1,10.0
artículo 210 lgss 0 21 0 19 49 meses 209 meses,0,1,10.0
base reguladora maxima 2026,0,1,10.0
con 35 años cotizados,0,1,10.0
cuanto es la pensión máxima en 2026,0,1,10.0
cuanto te queda de pension con 15 años cotizados,0,1,10.0
cuánto es la jubilación mínima en agosto 2026,0,1,10.0
diferencia entre contributiva y no contributiva,0,1,10.0
jubilacion anticipada funcionarios regimen general,0,1,10.0
jubilacion maxima españa 2026,0,1,10.0
jubilación anticipada de conductores profesionales,0,1,10.0
jubilación parcial con contrato relevo a partir de 2026,0,1,10.0
pension bruta maxima 2026,0,1,10.0
pension maxima año 2026,0,1,10.0
pensión máxima jubilación 2026 españa cuantía máxima 2026,0,1,10.0
pensión máxima jubilación españa 2026 cuantía mensual máxima 14 pagas,0,1,10.0
tabla coeficiente reductor jubilación anticipada involuntaria,0,1,10.0
tabla de penalizaciones por jubilación anticipada voluntaria,0,1,10.0
tabla penalizaciones jubilacion anticipada involuntaria,0,1,10.0
meses,0,1,10.0
2 años de paro y jubilación,0,1,11.0
aportacion maxima plan pensiones 2026,0,1,11.0
boe pensión máxima 2026 3359 60,0,1,11.0
como jubilarse a los 55 años,0,1,11.0
cuadro penalizacion jubilacion anticipada,0,1,11.0
cual es la pension maxima en españa en 2026,0,1,11.0
cual es la pension minima con 15 años cotizados,0,1,11.0
cuanto es la pension maxima en 2026,0,1,11.0
cuál es la pensión máxima en el 2026,0,1,11.0
jubilacion anticipada camioneros,0,1,11.0
jubilación anticipada conductores autobús,0,1,11.0
jubilación con 30 años cotizados,0,1,11.0
jubilarse con 35 años cotizados,0,1,11.0
jubilarse con 60 años,0,1,11.0
me puedo jubilar con 65 años y 34 años cotizados,0,1,11.0
pension 15 años cotizados,0,1,11.0
pension contributiva y no contributiva diferencias,0,1,11.0
pension maxima neta en 2026,0,1,11.0
pension minima con 15 años cotizados,0,1,11.0
pensión mínima españa 2026 cuantías mínimas jubilación,0,1,11.0
pensión máxima de jubilación en españa 2026,0,1,11.0
sepe jubilacion anticipada,0,1,11.0
si tengo 35 años cotizados,0,1,11.0
soy taxista,0,1,11.0
tabla reduccion jubilacion,0,1,11.0
tablas coeficientes reductores jubilación anticipada 2026,0,1,11.0
tablas jubilación anticipada involuntaria,0,1,11.0
tablas penalizacion jubilacion anticipada voluntaria,0,1,11.0
tablas reductoras jubilacion anticipada 2026,0,1,11.0
tablas reductoras jubilacion anticipada voluntaria,0,1,11.0
te puedes jubilar con 25 años cotizados,0,1,11.0
tengo 40 años cotizados cuando me puedo jubilar,0,1,11.0
tengo 65 años y 34 años cotizados me puedo jubilar,0,1,11.0
tengo 66 años y 35 años cotizados me puedo jubilar,0,1,11.0
y en 2029,0,1,11.0
base maxima pension 2026,0,1,12.0
coeficientes reductores jubilacion anticipada involuntaria,0,1,12.0
coeficientes reductores jubilación anticipada 2026 seguridad social,0,1,12.0
el tiempo de paro cuenta para la jubilación,0,1,12.0
importe maximo jubilacion 2026,0,1,12.0
jubilación a los 60 años para los conductores profesionales,0,1,12.0
jubilación anticipada conductor profesional,0,1,12.0
maxima,0,1,12.0
me puedo jubilar con 65 años y 36 años cotizados,0,1,12.0
pensión maxima jubilación 2026 neto,0,1,12.0
pensión mínima 15 años españa,0,1,12.0
son altas,0,1,12.0
jubilación de conductores profesionales,0,1,13.0
¿cuál es la pensión máxima en españa?,0,1,13.0
2 hijos,0,1,14.0
cual es la pension maxima en españa para 2026,0,1,14.0
pension con 35 años cotizados,0,1,14.0
pension maxima bruta 2026,0,1,14.0
pension maxima para 2026,0,1,14.0
35 años cotizados y 60 años de edad,0,1,15.0
cuanto suben las pensiones en 2026 españa,0,1,15.0
jubilación anticipada para conductores profesionales,0,1,15.0
profesiones de riesgo en españa boe,0,1,15.0
regimen general,0,1,16.0
revalorización de las pensiones en 2026,0,1,16.0
500000.0,0,1,17.0
art 206 bis lgss,0,1,17.0
penalizaciones jubilación anticipada 2026,0,1,17.0
pensión máxima en españa 2026,0,1,17.0
revalorització pensions 2026,0,1,17.0
subida pensiones contributivas 2026,0,1,17.0
tablas reductores jubilacion anticipada,0,1,17.0
tengo 63 años,0,1,17.0
tengo 65 años y 30 años cotizados tengo derecho a pensión,0,1,17.0
¿cuanto subirán las pensiones en 2026?,0,1,17.0
informe simulacion jubilacion inss,0,1,18.0
la opcion 3,0,1,18.0
revalorización pensiones españa 2026,0,1,18.0
tabla reduccion jubilacion anticipada,0,1,18.0
tengo 61 años,0,1,18.0
tengo 65 años y 33 años cotizados me puedo jubilar,0,1,18.0
como quedan las pensiones para 2026,0,1,19.0
como se calcula el coeficiente reductor,0,1,19.0
cuantos años cotizados para jubilarse a los 65,0,1,19.0
penalizaciones por jubilación anticipada,0,1,19.0
pension 2026,0,1,19.0
profesiones de riesgo reconocidas en españa,0,1,19.0
simulació jubilació anticipada,0,1,19.0
tablas jubilacion anticipada,0,1,19.0
años cotizados para jubilarse a los 65,0,1,20.0
cotiza el paro para la jubilación,0,1,20.0
cuanto sube las pensiones en 2026,0,1,20.0
cuánto sube las pensiones en el 2026,0,1,20.0
diferencia entre prejubilacion y jubilacion anticipada,0,1,20.0
articulo 209 ley general de la seguridad social,0,1,21.0
jubilacion choferes profesionales,0,1,21.0
jubilacion a los 65,0,1,22.0
jubilación máxima abril 2026,0,1,22.0
coeficiente reductores para conductores profesionales,0,1,23.0
jubilacion anticipada de funcionarios,0,1,23.0
tablas jubilacion 2026,0,1,23.0
con 63 años me puedo jubilar,0,1,24.0
funcionarios jubilación anticipada,0,1,24.0
jubilacion 65,0,1,24.0
jubilacion a los 65 años con 40 años cotizados,0,1,24.0
jubilacion anticipada funcionarios publicos,0,1,24.0
jubilación de los conductores profesionales,0,1,24.0
jubilarte a los 63,0,1,24.0
reduccion por jubilacion anticipada,0,1,24.0
coeficiente reductores conductores profesionales,0,1,25.0
coeficiente reductores jubilación anticipada,0,1,25.0
coeficientes reductores jubilación anticipada conductores profesionales,0,1,25.0
solicitar jubilación anticipada,0,1,25.0
coeficiente reductor jubilación anticipada,0,1,26.0
coeficientes reductores conductores profesionales,0,1,26.0
desgrava el plan de pensiones,0,1,26.0
documentación necesaria para solicitar la jubilación anticipada,0,1,26.0
jubilación anticipada coeficientes reductores,0,1,26.0
base máxima 2026,0,1,27.0
diferencia entre jubilacion anticipada voluntaria e involuntaria,0,1,27.0
jubilacion a los 63 años con 40 años cotizados,0,1,27.0
pension con 15 años cotizados,0,1,27.0
pensión mínima en 2026,0,1,27.0
prejubilacion forzosa,0,1,27.0
tabla jubilación anticipada 2025,0,1,27.0
años cotizados para jubilarse en 2030,0,1,28.0
base reguladora pensión,0,1,28.0
jubilacion con 65 años,0,1,28.0
jubilacion sin penalizacion,0,1,28.0
me puedo jubilar con 40 años cotizados,0,1,28.0
pension minima 2026,0,1,28.0
si tengo 40 años cotizados cuando me puedo jubilar,0,1,28.0
tabla de deducciones por jubilación anticipada,0,1,28.0
tablas de jubilación por años cotizados,0,1,28.0
jubilacion anticipada no voluntaria,0,1,29.0
jubilación anticipada involuntaria a los 61 años,0,1,29.0
profesionales de riesgo,0,1,29.0
reduccion jubilacion anticipada,0,1,29.0
rescate plan de pensiones en forma de capital,0,1,29.0
solicitud de jubilacion anticipada,0,1,29.0
complemento para reducir la brecha de genero,0,1,30.0
deduccion por aportacion a plan de pensiones,0,1,30.0
jubilacion anticipada autonomos requisitos,0,1,30.0
jubilacion autonomos anticipada,0,1,30.0
jubilación anticipada a los 63 años,0,1,30.0
jubilación anticipada forzosa por despido,0,1,30.0
jubilación anticipada involuntaria a los 63 años,0,1,30.0
qué es la jubilación anticipada,0,1,30.0
requisitos para jubilarse a los 63 años,0,1,30.0
calculo pension anticipada,0,1,31.0
desgrava plan de pensiones,0,1,31.0
jubilación anticipada involuntaria requisitos,0,1,31.0
jubilación voluntaria incentivada,0,1,31.0
coeficiente reductor transporte,0,1,32.0
jubilación anticipada autónomos,0,1,32.0
plan de pensiones cuanto desgrava,0,1,32.0
simulador jubilación anticipada involuntaria,0,1,32.0
simulador jubilación anticipada voluntaria,0,1,32.0
tabla de jubilacion,0,1,32.0
tablas de cotización para la jubilación,0,1,32.0
anticipada jubilacion,0,1,33.0
años cotizados,0,1,33.0
calcular la jubilación anticipada,0,1,33.0
calculo jubilacion anticipada involuntaria,0,1,33.0
jubilacion anticipada minusvalidos,0,1,33.0
jubilacion por despido objetivo,0,1,33.0
jubilación anticipada por trabajos penosos  tóxicos o peligrosos,0,1,33.0
pension de vejez anticipada,0,1,33.0
plan de jubilaciones,0,1,33.0
programa calculo jubilacion anticipada,0,1,33.0
rd 1539/03,0,1,33.0
requisitos jubilacion anticipada involuntaria,0,1,33.0
simulacro de jubilacion anticipada,0,1,33.0
tabla de pensiones por años cotizados,0,1,33.0
jubilación involuntaria,0,1,34.0
jubilación mínima abril 2026,0,1,34.0
novedades jubilación anticipada,0,1,34.0
plan de jubilacion personal,0,1,34.0
profesiones consideradas de riesgo,0,1,34.0
cotizacion minima para jubilacion anticipada,0,1,35.0
inss jubilacion anticipada,0,1,35.0
jubilacion anticipada logse,0,1,35.0
pensión contributiva y no contributiva,0,1,35.0
plan autonomos,0,1,35.0
que es la base reguladora de una pensión,0,1,35.0
simulador jubilación anticipada 2025,0,1,35.0
coeficientes reductores jubilación,0,1,36.0
inss jubilación anticipada,0,1,36.0
jubilacion adelantada,0,1,36.0
jubilacion anticipada 2019,0,1,36.0
qué es la base reguladora de una pensión,0,1,36.0
solicitud jubilación anticipada,0,1,36.0
base reguladora pension,0,1,37.0
calculo jubilación anticipada,0,1,37.0
jubilacion por ere,0,1,37.0
normativa jubilación anticipada,0,1,37.0
porcentaje jubilacion anticipada,0,1,37.0
tablas penalización jubilación anticipada,0,1,37.0
años cotizados para jubilarse,0,1,38.0
años necesarios para jubilarse,0,1,38.0
jubilacion anticipada por ere,0,1,38.0
pension maxima jubilacion anticipada,0,1,38.0
pension vejez anticipada,0,1,38.0
trabajo a tiempo parcial y jubilacion,0,1,38.0
jubilacion anticipada españa,0,1,39.0
años de cotizacion para jubilacion anticipada,0,1,40.0
brecha de genero 2026,0,1,40.0
importe complemento brecha de genero 2025,0,1,40.0
pension minima 2026 con conyuge no a cargo,0,1,40.0
que son planes de pensiones,0,1,40.0
calcular pension anticipada,0,1,41.0
como es la jubilacion anticipada,0,1,41.0
cuanto se puede desgravar por plan de pensiones,0,1,41.0
desgravación plan de pensiones,0,1,41.0
el plan de pensiones desgrava,0,1,41.0
jubilacion tiempo parcial,0,1,41.0
pensión con 15 años cotizados,0,1,41.0
que es el complemento de brecha de genero,0,1,41.0
regimen de jubilacion anticipada,0,1,41.0
como solicitar jubilación anticipada,0,1,42.0
cotización a tiempo parcial a efectos de jubilación,0,1,42.0
autonomos plan de pensiones,0,1,43.0
contributiva y no contributiva,0,1,43.0
diferencia entre pensión contributiva y no contributiva,0,1,43.0
diferencia pension contributiva y no contributiva,0,1,43.0
que es jubilacion anticipada,0,1,43.0
simulador jubilacion anticipada seguridad social,0,1,43.0
calculadora desgravacion plan de pensiones,0,1,44.0
jubilación voluntaria,0,1,44.0
jubilarse anticipadamente,0,1,44.0
porcentajes jubilacion anticipada,0,1,44.0
contributivo y no contributivo,0,1,45.0
cuando se puede pedir la jubilacion anticipada,0,1,45.0
plan de pensiones de empleo para autónomos,0,1,45.0
prejubilacion parcial,0,1,45.0
qué significa pensión contributiva,0,1,45.0
condiciones jubilacion anticipada,0,1,46.0
complemento brecha de género,0,1,47.0
jubilacion anticipada personas con discapacidad,0,1,47.0
como se calcula la subida de las pensiones,0,1,48.0
jubilación forzosa por desempleo,0,1,48.0
años de cotizacion,0,1,49.0
nueva ley jubilación anticipada 2025,0,1,49.0
jubilación discapacidad 33 por ciento,0,1,50.0
importe complemento brecha de genero 2023,0,1,51.0
vejez anticipada,0,1,51.0
ere mayores de 50 años,0,1,52.0
jubilacion anticipada por discapacidad del 65,0,1,54.0
jubilacion discapacitados 33,0,1,54.0
jubilacion autonomos 2026,0,1,56.0
jubilacion con discapacidad 33,0,1,56.0
que quiere decir pension contributiva,0,1,56.0
jubilacion anticipada 2025,0,1,57.0
tablas jubilacion anticipada 2026,0,1,57.0
jubilacion 40 años cotizados,0,1,58.0
limite plan de pensiones 2025,0,1,58.0
papeles que hay que llevar para pedir la jubilación,0,1,58.0
adelanta tu jubilacion,0,1,59.0
cómo saber si me jubilo a los 65 o 67,0,1,59.0
jubilacion anticipada minusvalia 33,0,1,59.0
jubilación anticipada por trabajos penosos tóxicos o peligrosos 2026,0,1,60.0
aportaciones a planes de pensiones 2021,0,1,62.0
complemento brecha de género clases pasivas jubilación voluntaria,0,1,64.0
cuanto se cobra por hijo en la jubilación en 2026,0,1,64.0
jubilacion anticipada discapacidad 33,0,1,64.0
tabla jubilación anticipada 2026,0,1,64.0
deduccion plan de pensiones 2025,0,1,65.0
aportación máxima plan de pensiones 2024,0,1,66.0
calculo base reguladora jubilacion,0,1,67.0
que pension te queda con 15 años cotizados,0,1,67.0
ere de extinción mayores de 55 años,0,1,68.0
calcular prejubilación anticipada,0,1,69.0
complemento para la reducción de la brecha de género.,0,1,69.0
maximo aportacion plan de pensiones 2025,0,1,69.0
exceso aportacion plan pensiones,0,1,70.0
brecha genero 2025,0,1,71.0
aportaciones plan de pensiones,0,1,72.0
lagunas de cotización para la jubilación últimas novedades,0,1,72.0
base reguladora pensiones,0,1,73.0
calcular la jubilacion anticipada,0,1,73.0
