Página,Clics,Impresiones,Posición
https://tujubilacionanticipada.com/blog/coeficientes-reductores-jubilacion-anticipada,73,3041,9.39
https://tujubilacionanticipada.com/blog/jubilacion-anticipada-transportistas,45,2998,8.1
https://tujubilacionanticipada.com/blog/pension-maxima-jubilacion-2026,12,2411,8.13
https://tujubilacionanticipada.com/blog/jubilarse-65-anos-35-cotizados,21,2086,8.77
https://tujubilacionanticipada.com/blog/tabla-penalizacion-jubilacion-anticipada,45,1868,9.48
https://tujubilacionanticipada.com/blog/jubilarse-63-anos,10,1384,0
https://tujubilacionanticipada.com/blog/jubilacion-anticipada-paro,17,1008,7.21
https://tujubilacionanticipada.com/blog/jubilacion-anticipada-discapacidad,4,684,9.75
https://tujubilacionanticipada.com/blog/como-interpretar-simulador-jubilacion,11,589,8.25
https://tujubilacionanticipada.com/blog/convenio-especial-seguridad-social/,9,543,5.92
https://tujubilacionanticipada.com/blog/revalorizacion-pensiones-2026,6,517,9.31
https://tujubilacionanticipada.com/blog/jubilacion-anticipada-involuntaria,2,460,0
https://tujubilacionanticipada.com/blog/jubilacion-anticipada-ere-despido,18,447,0
https://tujubilacionanticipada.com/blog/jubilarse-55-anos-30-cotizados,14,412,4.72
https://tujubilacionanticipada.com/blog/penalizacion-jubilacion-anticipada-voluntaria,3,401,0
https://tujubilacionanticipada.com/blog/jubilacion-anticipada-profesiones-riesgo,4,371,9.36
https://tujubilacionanticipada.com/blog/que-es-la-jubilacion-anticipada,0,344,38.54
https://tujubilacionanticipada.com/blog/cuanto-desgrava-plan-pensiones,1,323,29.81
https://tujubilacionanticipada.com/blog/jubilacion-anticipada-funcionarios,7,304,0
https://tujubilacionanticipada.com/simulador,3,276,48.11
https://tujubilacionanticipada.com/blog/tabla-jubilacion-anos-cotizados,2,271,12.92
https://tujubilacionanticipada.com/blog/52-anos-sin-15-cotizados,6,252,5.75
https://tujubilacionanticipada.com/blog/incapacidad-permanente-vs-jubilacion-anticipada,4,229,0
https://tujubilacionanticipada.com/blog/pension-minima-15-anos-cotizados/,2,181,0
https://tujubilacionanticipada.com/blog/jubilarse-40-anos-sin-penalizacion,6,170,8.94
https://tujubilacionanticipada.com/blog/lagunas-cotizacion-pension,1,169,6.78
https://tujubilacionanticipada.com/blog/jubilacion-parcial,2,165,8.96
https://tujubilacionanticipada.com/blog/como-solicitar-jubilacion-anticipada,2,158,10.28
https://tujubilacionanticipada.com/blog/jubilarse-60-anos-25-cotizados,2,157,0
https://tujubilacionanticipada.com/blog/pension-contributiva-vs-no-contributiva,0,130,10.92
https://tujubilacionanticipada.com/blog/plan-pensiones-autonomos,0,115,16.25
https://tujubilacionanticipada.com/blog/cotizacion-tiempo-parcial-jubilacion,2,114,7.72
https://tujubilacionanticipada.com/blog/jubilacion-activa,0,113,39.77
https://tujubilacionanticipada.com/blog/aportacion-maxima-plan-pensiones,0,112,39.16
https://tujubilacionanticipada.com/blog/complemento-brecha-genero-pension,0,110,33.63
https://tujubilacionanticipada.com/blog/jubilacion-anticipada-voluntaria-requisitos-penalizaciones,0,105,38.05
https://tujubilacionanticipada.com/blog/pension-minima-jubilacion-2026,0,101,0
https://tujubilacionanticipada.com/blog/jubilacion-anticipada-mineros,3,96,0
https://tujubilacionanticipada.com/blog/tabla-penalizacion-jubilacion-anticipada/,3,83,12.39
https://tujubilacionanticipada.com/blog/enfermedades-jubilacion-anticipada-2026,2,79,7.67
https://tujubilacionanticipada.com/blog/como-pedir-vida-laboral,3,75,12.73
https://tujubilacionanticipada.com/,2,75,0
https://tujubilacionanticipada.com/blog/trucos-rescatar-plan-pensiones,0,73,19.68
https://tujubilacionanticipada.com/blog/como-calcular-pension-jubilacion,0,72,72.79
https://tujubilacionanticipada.com/blog/periodo-carencia-jubilacion,1,65,0
https://tujubilacionanticipada.com/blog/integracion-lagunas-base-reguladora,2,64,9.22
https://tujubilacionanticipada.com/blog/gap-economico-jubilacion-anticipada,0,59,26.31
https://tujubilacionanticipada.com/blog/fondos-indexados-jubilacion,1,57,6.65
https://tujubilacionanticipada.com/blog/pension-minima-15-anos-cotizados,0,57,0
https://tujubilacionanticipada.com/blog/base-reguladora-pension-jubilacion,0,55,30.73
https://tujubilacionanticipada.com/blog/tabla-jubilacion-anos-cotizados/,0,54,0
https://tujubilacionanticipada.com/blog/jubilacion-anticipada-autonomos,0,54,15.85
https://tujubilacionanticipada.com/blog/reforma-pensiones-bono-cotizacion,0,52,7.58
https://tujubilacionanticipada.com/blog/como-rescatar-plan-pensiones,0,52,21.13
https://tujubilacionanticipada.com/blog/jubilarse-55-anos-30-cotizados/,3,41,3.39
https://tujubilacionanticipada.com/blog/categoria/calculos-y-penalizaciones,0,41,41.95
https://tujubilacionanticipada.com/blog/jubilacion-anticipada-cambios-2026,0,35,19.74
https://tujubilacionanticipada.com/blog/plan-de-pensiones-que-es,0,30,0
https://tujubilacionanticipada.com/blog/revalorizacion-pensiones-2026/,0,30,12.33
https://tujubilacionanticipada.com/blog/trucos-rescatar-plan-pensiones/,0,29,15.45
https://tujubilacionanticipada.com/blog/jubilacion-anticipada-novedades-2026/,1,23,0
https://tujubilacionanticipada.com/blog/plan-de-pensiones-que-es/,0,18,39.11
https://tujubilacionanticipada.com/sobre-este-sitio,0,17,4.24
https://tujubilacionanticipada.com/blog/reforma-pensiones-bono-cotizacion/,0,17,8.24
https://tujubilacionanticipada.com/blog/cuanto-ahorrar-jubilacion-anticipada,1,14,6.79
https://tujubilacionanticipada.com/blog/jubilacion-anticipada-novedades-2026,0,13,15.69
https://tujubilacionanticipada.com/blog/cuanto-desgrava-plan-pensiones/,0,12,25.42
https://tujubilacionanticipada.com/blog/como-interpretar-simulador-jubilacion/,0,11,5.91
https://tujubilacionanticipada.com/guia-jubilacion-anticipada,0,11,50.64
https://tujubilacionanticipada.com/blog/anos-cotizados-para-jubilarse,0,9,0
https://tujubilacionanticipada.com/blog/lagunas-cotizacion-pension/,0,8,0
https://tujubilacionanticipada.com/blog/jubilacion-anticipada-profesiones-riesgo/,0,8,0
https://tujubilacionanticipada.com/blog/pension-minima-jubilacion-2026/,0,8,12.25
https://tujubilacionanticipada.com/blog/como-calcular-pension-jubilacion/,0,7,39.0
https://tujubilacionanticipada.com/blog,1,5,0
https://tujubilacionanticipada.com/blog/jubilacion-anticipada-trabajadores-mar,0,5,0
https://tujubilacionanticipada.com/blog/page/6,0,3,6.33
https://tujubilacionanticipada.com/blog/jubilacion-activa/,0,3,15.67
https://tujubilacionanticipada.com/blog/page/3,0,2,7.0
https://tujubilacionanticipada.com/blog/page/5,0,2,8.0
https://tujubilacionanticipada.com/blog/cuanto-ahorrar-jubilacion-anticipada/,0,2,0
https://tujubilacionanticipada.com/blog/categoria/tipos-de-jubilacion-anticipada,0,2,0
https://tujubilacionanticipada.com/blog/categoria/actualidad-y-casos-practicos,0,1,4.0
https://tujubilacionanticipada.com/asesoramiento,0,1,5.0
https://tujubilacionanticipada.com/blog/page/2,0,1,65.0
